{"name":"4aa61ed3-a4dd-4ebc-b6a1-0a18543a41cf","id":"/providers/Microsoft.Flow/flows/4aa61ed3-a4dd-4ebc-b6a1-0a18543a41cf","type":"Microsoft.Flow/flows","properties":{"apiId":"/providers/Microsoft.PowerApps/apis/shared_logicflows","displayName":"When New Mail Arrives Search For Keyword and Save Attached Document into the SharePoint Library","definition":{"metadata":{"workflowEntityId":null,"creator":{"id":"f4d394f8-7b8f-434b-890b-c9bf38b20de3","type":"User","tenantId":"989f7afc-210a-4a7a-89a4-9fe50619a887"},"provisioningMethod":"FromDefinition","failureAlertSubscription":true,"clientLastModifiedTime":"2018-10-05T06:23:11.8679686Z"},"$schema":"https://schema.management.azure.com/providers/Microsoft.Logic/schemas/2016-06-01/workflowdefinition.json#","contentVersion":"1.0.0.0","parameters":{"$connections":{"defaultValue":{},"type":"Object"},"$authentication":{"defaultValue":{},"type":"SecureObject"}},"triggers":{"When_a_new_email_arrives":{"recurrence":{"interval":1,"frequency":"Minute"},"splitOn":"@triggerBody()?['value']","metadata":{"flowSystemMetadata":{"swaggerOperationId":"OnNewEmail"}},"type":"ApiConnection","inputs":{"host":{"api":{"runtimeUrl":"https://india-001.azure-apim.net/apim/office365"},"connection":{"name":"@parameters('$connections')['shared_office365']['connectionId']"}},"method":"get","path":"/Mail/OnNewEmail","queries":{"folderPath":"Inbox","importance":"Any"},"authentication":"@parameters('$authentication')"}}},"actions":{"Condition":{"actions":{"Apply_to_each_2":{"foreach":"@triggerBody()?['Attachments']","actions":{"Create_file":{"runAfter":{"Get_attachment":["Succeeded"]},"metadata":{"flowSystemMetadata":{"swaggerOperationId":"CreateFile"}},"type":"ApiConnection","inputs":{"host":{"api":{"runtimeUrl":"https://india-001.azure-apim.net/apim/sharepointonline"},"connection":{"name":"@parameters('$connections')['shared_sharepointonline']['connectionId']"}},"method":"post","body":"@body('Get_attachment')","path":"/datasets/@{encodeURIComponent(encodeURIComponent('https://infowebsp.sharepoint.com/sites/DemoClassic/'))}/files","queries":{"folderPath":"/Invoice","name":"@items('Apply_to_each_2')?['Name']","queryParametersSingleEncoded":true},"authentication":"@parameters('$authentication')"}},"Get_attachment":{"runAfter":{},"metadata":{"flowSystemMetadata":{"swaggerOperationId":"GetAttachment"}},"type":"ApiConnection","inputs":{"host":{"api":{"runtimeUrl":"https://india-001.azure-apim.net/apim/office365"},"connection":{"name":"@parameters('$connections')['shared_office365']['connectionId']"}},"method":"get","path":"/Mail/@{encodeURIComponent(triggerBody()?['Id'])}/Attachments/@{encodeURIComponent(items('Apply_to_each_2')?['Id'])}","authentication":"@parameters('$authentication')"}}},"runAfter":{},"type":"Foreach"}},"runAfter":{},"else":{"actions":{"Condition_2":{"actions":{"Apply_to_each":{"foreach":"@triggerBody()?['Attachments']","actions":{"Get_attachment_2":{"runAfter":{},"metadata":{"flowSystemMetadata":{"swaggerOperationId":"GetAttachment"}},"type":"ApiConnection","inputs":{"host":{"api":{"runtimeUrl":"https://india-001.azure-apim.net/apim/office365"},"connection":{"name":"@parameters('$connections')['shared_office365']['connectionId']"}},"method":"get","path":"/Mail/@{encodeURIComponent(triggerBody()?['Id'])}/Attachments/@{encodeURIComponent(items('Apply_to_each')?['Id'])}","authentication":"@parameters('$authentication')"}},"Create_file_2":{"runAfter":{"Get_attachment_2":["Succeeded"]},"metadata":{"flowSystemMetadata":{"swaggerOperationId":"CreateFile"}},"type":"ApiConnection","inputs":{"host":{"api":{"runtimeUrl":"https://india-001.azure-apim.net/apim/sharepointonline"},"connection":{"name":"@parameters('$connections')['shared_sharepointonline']['connectionId']"}},"method":"post","body":"@body('Get_attachment_2')","path":"/datasets/@{encodeURIComponent(encodeURIComponent('https://infowebsp.sharepoint.com/sites/DemoClassic/'))}/files","queries":{"folderPath":"/Invoice","name":"@items('Apply_to_each')?['Name']","queryParametersSingleEncoded":true},"authentication":"@parameters('$authentication')"}}},"runAfter":{},"type":"Foreach"}},"runAfter":{},"expression":"@contains(triggerBody()?['Body'], 'Invoice')","type":"If"}}},"expression":"@contains(triggerBody()?['Subject'], 'Invoice')","type":"If"}}},"connectionReferences":{"shared_sharepointonline":{"connectionName":"ee250612028645c8bf9331b471d6a989","source":"Embedded","id":"/providers/Microsoft.PowerApps/apis/shared_sharepointonline","tier":"NotSpecified"},"shared_office365":{"connectionName":"shared-office365-b9c7dc76-424c-4553-95a9-4c1729b280ce","source":"Embedded","id":"/providers/Microsoft.PowerApps/apis/shared_office365","tier":"NotSpecified"}},"flowFailureAlertSubscribed":false}}